Price,Close,Close,Close,Close,High,High,High,High,Low,Low,Low,Low,Open,Open,Open,Open,Volume,Volume,Volume,Volume
Ticker,BTC-USD,EURUSD=X,NQ=F,SPY,BTC-USD,EURUSD=X,NQ=F,SPY,BTC-USD,EURUSD=X,NQ=F,SPY,BTC-USD,EURUSD=X,NQ=F,SPY,BTC-USD,EURUSD=X,NQ=F,SPY
Date,,,,,,,,,,,,,,,,,,,,
2025-07-17,,,,624.4583740234375,,,,624.8163671275224,,,,620.6204015046147,,,,620.8391784397268,,,,68885700.0
2025-07-18,,,,624.0010375976562,,,,625.8802131347736,,,,622.8874296174818,,,,625.7111996075373,,,,65621600.0
2025-07-19,117939.9765625,,,,118541.3984375,,,,117388.4140625,,,,117998.125,,,,47564562765.0,,,
2025-07-20,117300.7890625,,,,118865.03125,,,,116550.1328125,,,,117944.109375,,,,57515447231.0,,,
2025-07-21,117439.5390625,1.1630746126174927,23342.0,625.1842651367188,119671.5625,1.1716736555099487,23424.75,627.9384270926762,116584.3984375,1.1614941358566284,23203.75,624.7567246264017,117306.46875,1.1630746126174927,23232.5,625.1842651367188,69820091744.0,0.0,398833.0,63375000.0
2025-07-22,119995.4140625,1.1694538593292236,23226.25,625.2737426757812,120269.96875,1.174936294555664,23367.0,626.1387764125508,116233.2265625,1.1680059432983398,23108.0,622.6189860590433,117426.5,1.1694538593292236,23339.5,625.5123643014988,79217583118.0,0.0,537829.0,60046300.0
2025-07-23,118754.9609375,1.1739156246185303,23310.75,630.5932006835938,120113.3515625,1.1752538681030273,23418.0,630.5932006835938,117391.390625,1.1712344884872437,23146.75,626.138708302101,119997.4453125,1.1739156246185303,23191.25,627.9483363497261,66608604537.0,0.0,512963.0,70511000.0
2025-07-24,118368.0,1.1774264574050903,23377.5,630.802001953125,119535.453125,1.1787587404251099,23424.5,632.5221773472229,117247.96875,1.1733232736587524,23298.25,630.3744614468128,118770.984375,1.1774264574050903,23402.25,630.9809681636451,72627318560.0,0.0,435559.0,71307100.0
2025-07-25,117635.8828125,1.1756131649017334,23421.25,633.4667358398438,118486.9765625,1.1760693788528442,23476.0,633.9440397736063,114759.8203125,1.1707408428192139,23330.75,631.2196750953526,118368.0,1.1756131649017334,23391.5,631.4682494008442,104857024569.0,0.0,395469.0,56865400.0
2025-07-26,117947.3671875,,,,118335.6875,,,,117181.2265625,,,,117644.84375,,,,48508954046.0,,,
2025-07-27,119448.4921875,,,,119815.59375,,,,117859.6875,,,,117944.7265625,,,,54683390892.0,,,
2025-07-28,117924.4765625,1.1756821870803833,23491.25,633.3076782226562,119819.7890625,1.1770660877227783,23585.25,634.4013808975731,117441.4375,1.1609952449798584,23436.75,631.9156378299562,119457.5234375,1.1756821870803833,23520.0,633.8445768779104,64822943193.0,0.0,424393.0,54917100.0
2025-07-29,117922.1484375,1.1596757173538208,23452.0,631.6372680664062,119273.8671875,1.160092830657959,23652.5,635.0277949185313,116987.3671875,1.1519941091537476,23421.25,630.722531607152,117938.5859375,1.1596757173538208,23504.25,634.7096125224674,68463107433.0,0.0,538169.0,60556300.0
2025-07-30,117831.1875,1.1550945043563843,23480.5,630.841796875,118780.7265625,1.157273530960083,23689.0,634.0434045947875,115800.828125,1.1459347009658813,23356.5,627.9384054781906,117921.9921875,1.1550945043563843,23452.0,632.2934318863223,68896148592.0,0.0,538732.0,80418900.0
2025-07-31,115758.203125,1.1429355144500732,23365.0,628.475341796875,118919.984375,1.1460267305374146,23845.0,636.200989166749,115505.21875,1.1406540870666504,23290.5,627.1728149946817,117833.6328125,1.1429355144500732,23705.0,635.8132594113927,69370346018.0,0.0,739642.0,103385200.0
2025-08-01,113320.0859375,1.142374038696289,22883.75,618.1743774414062,116060.7734375,1.1582921743392944,23347.5,622.7680859762785,112724.4453125,1.1394582986831665,22775.0,615.7582427178595,115738.953125,1.142374038696289,23308.5,622.7282752516747,91294530181.0,0.0,803558.0,140103600.0
2025-08-02,112526.9140625,,,,114021.6015625,,,,112005.765625,,,,113320.390625,,,,56870866000.0,,,
2025-08-03,114217.671875,,,,114747.421875,,,,111943.8046875,,,,112525.8046875,,,,48099615826.0,,,
2025-08-04,115071.8828125,1.158668041229248,23296.5,627.570556640625,115729.46875,1.1588828563690186,23352.5,627.6202593639928,114130.40625,1.1550945043563843,22821.75,622.0124691896333,114223.921875,1.158668041229248,22850.0,622.1019219542782,35783028986.0,0.0,472671.0,73218000.0
2025-08-05,114141.4453125,1.1584129333496094,23132.0,624.3887939453125,115117.4375,1.158815622329712,23404.25,629.0023475949919,112701.109375,1.1530035734176636,23084.5,623.464104816374,115072.1875,1.1584129333496094,23354.0,628.187016594973,61039182286.0,0.0,542676.0,68051400.0
2025-08-06,115028.0,1.1579166650772095,23422.75,629.17138671875,115737.8359375,1.164646029472351,23445.25,629.8275961427472,113372.25,1.156510591506958,23045.5,624.5478806448895,114140.9140625,1.1579166650772095,23091.75,625.462617040701,56379133510.0,0.0,527514.0,64357500.0
2025-08-07,117496.8984375,1.1663167476654053,23496.25,628.6444091796875,117676.90625,1.1695358753204346,23671.0,633.3474155493337,114279.7109375,1.1614266633987427,23329.0,625.5223013845391,115030.0546875,1.1663167476654053,23418.5,632.6116453260242,64051649681.0,0.0,561716.0,74205800.0
2025-08-08,116688.7265625,1.1676650047302246,23713.75,633.5462646484375,117689.203125,1.167924165725708,23767.75,634.0136158764692,115917.4609375,1.1630746126174927,23503.0,630.125879949944,117505.5,1.1676650047302246,23518.25,630.4440623273716,59713005166.0,0.0,454190.0,64051600.0
2025-08-09,116500.359375,,,,117906.609375,,,,116363.8359375,,,,116678.2734375,,,,54004312429.0,,,
2025-08-10,119306.7578125,,,,119320.7109375,,,,116485.1640625,,,,116497.71875,,,,64755458694.0,,,
2025-08-11,118731.4453125,1.1647952795028687,23637.5,632.29345703125,122321.09375,1.1676785945892334,23804.5,635.3062066703783,118159.03125,1.1591111421585083,23587.5,631.0406328520911,119306.8125,1.1647952795028687,23764.0,633.824713555593,90528784177.0,0.0,443981.0,58742300.0
2025-08-12,120172.90625,1.1618449687957764,23938.0,639.0248413085938,120302.46875,1.1694538593292236,23953.5,639.1839021511607,118228.71875,1.1599314212799072,23596.0,633.1584638161933,118717.6640625,1.1618449687957764,23635.0,634.6499095494731,72803657984.0,0.0,488577.0,64730800.0
2025-08-13,123344.0625,1.1677058935165405,23946.5,641.2123413085938,123682.453125,1.1730618476867676,24068.5,642.5049155421342,118939.6328125,1.1671879291534424,23886.0,639.0149226306152,120168.9765625,1.1677058935165405,23945.0,641.2321859855442,90904808795.0,0.0,453506.0,60092800.0
2025-08-14,118359.578125,1.171289324760437,23930.5,641.27197265625,124457.1171875,1.1715638637542725,24007.75,641.9381347685223,117254.8828125,1.1638462543487549,23793.25,638.6768716045066,123339.3984375,1.171289324760437,23927.75,639.1242567818475,104055627395.0,0.0,492051.0,59327500.0
2025-08-15,117398.3515625,1.1651345491409302,23804.0,639.7705688476562,119332.3125,1.171522617340088,23963.0,642.4054806038605,116864.5703125,1.1647816896438599,23734.5,638.8558324502803,118365.78125,1.1651345491409302,23888.75,642.3060144753327,68665353159.0,0.0,441888.0,68592500.0
2025-08-16,117491.3515625,,,,117996.0625,,,,117271.953125,,,,117398.421875,,,,48036922378.0,,,
2025-08-17,117453.0625,,,,118595.7734375,,,,117279.5234375,,,,117492.7890625,,,,45852169525.0,,,
2025-08-18,116252.3125,1.1706587076187134,23797.75,639.6314086914062,117614.171875,1.1710972785949707,23881.75,640.3274289037191,114723.6796875,1.166167140007019,23719.0,638.5178006265407,117453.90625,1.1706587076187134,23795.0,639.1939154739885,72787808090.0,0.0,399622.0,43804900.0
2025-08-19,112831.1796875,1.1668338775634766,23469.5,636.1612548828125,116764.5,1.169344425201416,23838.0,640.4367204754008,112730.3984375,1.1641037464141846,23426.0,634.8388226855677,116241.859375,1.1668338775634766,23800.75,639.4523760102862,71657600353.0,0.0,557582.0,69750700.0
2025-08-20,114274.7421875,1.164252758026123,23324.0,634.470947265625,114625.796875,1.1672561168670654,23485.5,636.0120957287904,112387.9609375,1.1623852252960205,23035.0,629.3404006137462,112828.0234375,1.164252758026123,23461.0,635.7536294439067,67993811526.0,0.0,713574.0,88890300.0
2025-08-21,112419.03125,1.165175199508667,23219.75,631.9255981445312,114802.6484375,1.1661943197250366,23369.25,634.3317804706619,111986.234375,1.1602678298950195,23119.0,630.195530658508,114275.6875,1.165175199508667,23323.0,632.6514763962614,57817883700.0,0.0,525924.0,54805800.0
2025-08-22,116874.0859375,1.16130530834198,23569.75,641.6299438476562,117377.3984375,1.1730343103408813,23650.0,642.8131599802851,111678.9453125,1.1583592891693115,23076.75,633.6159105915494,112433.734375,1.16130530834198,23225.25,634.1230118894028,82528088240.0,0.0,490867.0,84083200.0
2025-08-23,115374.328125,,,,116996.25,,,,114536.109375,,,,116866.3671875,,,,55377142586.0,,,
2025-08-24,113458.4296875,,,,115615.0859375,,,,111060.546875,,,,115387.390625,,,,73961489632.0,,,
2025-08-25,110124.3515625,1.1709601879119873,23498.25,638.8060913085938,113637.84375,1.1719757318496704,23616.25,641.6100166878209,109324.28125,1.1667250394821167,23443.25,638.686780499868,113456.8984375,1.1709601879119873,23602.0,640.3671451910226,85706860190.0,0.0,399485.0,51274300.0
2025-08-26,111802.65625,1.1618449687957764,23591.5,641.4807739257812,112397.015625,1.1664528846740723,23611.0,641.8288143683822,108762.0390625,1.1602543592453003,23371.5,637.9112808564007,110124.1015625,1.1618449687957764,23505.75,638.5376929659955,69396320317.0,0.0,443746.0,51581600.0
2025-08-27,111222.0625,1.1639411449432373,23628.75,642.9423828125,112619.4140625,1.1642799377441406,23689.0,643.6781530071313,110398.265625,1.157474398612976,23434.75,640.7449642231398,111795.7109375,1.1639411449432373,23604.0,640.8941330732226,62137056409.0,0.0,436560.0,48341100.0
2025-08-28,112544.8046875,1.1647952795028687,23769.0,645.2192993164062,113450.078125,1.168770432472229,23803.75,645.7761033013204,110900.921875,1.1629530191421509,23487.5,641.6597591604225,111219.0546875,1.1647952795028687,23542.25,643.548887361664,58860155962.0,0.0,486265.0,61519500.0
2025-08-29,108410.8359375,1.1681560277938843,23461.75,641.3713989257812,112619.0546875,1.1707408428192139,23762.0,644.1455269630451,107559.625,1.1654332876205444,23397.5,639.472317969575,112550.5234375,1.1681560277938843,23760.5,643.777581165663,77843379644.0,0.0,0.0,74522200.0
2025-08-30,108808.0703125,,,,108929.3515625,,,,107444.4453125,,,,108409.40625,,,,51486264208.0,,,
2025-08-31,108236.7109375,,,,109491.0,,,,108104.65625,,,,108818.4609375,,,,47986191770.0,,,
2025-09-01,109250.59375,1.1691803932189941,,,109890.5859375,1.1735849380493164,,,107271.1796875,1.1688660383224487,,,108228.75,1.1691803932189941,,,66870372995.0,0.0,,
2025-09-02,111200.5859375,1.1715912818908691,23275.0,636.6187133789062,111748.015625,1.1716049909591675,23552.5,636.8374296419402,108454.03125,1.1613458395004272,23025.25,631.2991867317828,109243.0703125,1.1715912818908691,23479.0,633.8644906037873,74776999491.0,0.0,744115.0,81983500.0
2025-09-03,111723.2109375,1.163602590560913,23448.75,640.06884765625,112600.2265625,1.1682243347167969,23525.25,640.5361988813526,110582.9609375,1.1609817743301392,23298.25,636.8075845104526,111190.6953125,1.163602590560913,23382.0,639.0049424066366,61119643565.0,0.0,563651.0,70820900.0
2025-09-04,110723.6015625,1.16604483127594,23668.0,645.418212890625,112208.328125,1.1667931079864502,23708.75,645.4480709373178,109347.2265625,1.1632235050201416,23410.0,639.8402199968853,111718.1484375,1.16604483127594,23456.75,640.7450037735979,60131132901.0,0.0,484986.0,65219200.0
2025-09-05,110650.984375,1.1656913757324219,23684.0,643.5488891601562,113357.4921875,1.1759172677993774,23902.0,648.4905776412766,110233.3984375,1.1653246879577637,23505.0,639.6612139364762,110723.015625,1.1656913757324219,23700.0,647.7646994415851,60241647677.0,0.0,674088.0,85178900.0
2025-09-06,110224.6953125,,,,111275.015625,,,,110024.0859375,,,,110650.5703125,,,,21500719036.0,,,
2025-09-07,111167.6171875,,,,111591.078125,,,,110211.625,,,,110221.328125,,,,24618007520.0,,,
2025-09-08,112071.4296875,1.1713168621063232,23799.75,645.1298828125,112869.234375,1.175585389137268,23888.0,646.1341327155172,110630.609375,1.1705764532089233,23650.25,643.5389708468488,111163.015625,1.1713168621063232,23673.5,644.9210585487652,40212813407.0,0.0,457632.0,63133100.0
2025-09-09,111530.546875,1.1769136190414429,23874.0,646.6212768554688,113225.4375,1.1780366897583008,23921.25,647.148222783044,110776.703125,1.1718658208847046,23726.0,643.5289666240282,112077.578125,1.1769136190414429,23799.0,645.2689866211995,45984480722.0,0.0,473187.0,66133900.0
2025-09-10,113955.359375,1.1702749729156494,23877.75,648.4905395507812,114275.25,1.1730204820632935,24044.25,650.817160801947,110940.078125,1.1688660383224487,23785.0,646.9195331255914,111531.25,1.1702749729156494,23898.5,649.8924717726807,56377473784.0,0.0,521709.0,78034500.0
2025-09-11,115507.5390625,1.1703435182571411,24017.75,653.8796997070312,115522.546875,1.1745636463165283,24046.0,654.5757199134183,113453.8359375,1.1668883562088013,23838.0,649.8627606991871,113961.4296875,1.1703435182571411,23853.75,650.4493620868353,45685065332.0,0.0,445071.0,69934400.0
2025-09-12,116101.578125,1.1734747886657715,24113.25,653.6608276367188,116769.3828125,1.1748120784759521,24159.0,655.351144838518,114794.484375,1.170261263847351,23969.0,653.1537870945498,115507.7890625,1.1734747886657715,24028.25,653.8497465125743,54785725894.0,0.0,425565.0,72780100.0
2025-09-13,115950.5078125,,,,116334.6328125,,,,115248.2734375,,,,116093.5625,,,,34549454947.0,,,
2025-09-14,115407.65625,,,,116181.5,,,,115222.3984375,,,,115950.2890625,,,,32798036057.0,,,
2025-09-15,115444.875,1.1726491451263428,24309.25,657.1409301757812,116747.8828125,1.1774401664733887,24315.5,657.2701936656516,114461.0625,1.1717147827148438,24076.0,655.5799369896564,115399.6328125,1.1726491451263428,24115.25,655.8782140097094,52937859416.0,0.0,366064.0,63772400.0
2025-09-16,116843.1875,1.1763737201690674,24284.0,656.2361450195312,117005.2734375,1.1852554082870483,24403.5,658.0060231465056,114813.09375,1.17583429813385,24258.25,655.450672087237,115423.7578125,1.1763737201690674,24290.0,657.6977327581834,45781744593.0,0.0,211077.0,61169000.0
2025-09-17,116468.5078125,1.1871408224105835,24222.5,655.4208374023438,117328.609375,1.187295913696289,24312.5,657.9463305061431,114794.9765625,1.18343186378479,24003.75,650.5686620900484,116840.5078125,1.1871408224105835,24290.0,656.2461210913638,60528025996.0,0.0,171533.0,101952200.0
2025-09-18,117137.203125,1.1826341152191162,24460.25,658.4832153320312,117911.7890625,1.1848341226577759,24569.5,661.098221592467,116188.796875,1.1751296520233154,24248.5,656.504573788396,116461.265625,1.1826341152191162,24250.25,658.1153302554297,49457272032.0,0.0,106669.0,90459200.0
2025-09-19,115688.859375,1.1791062355041504,24568.0703125,661.74462890625,117479.7578125,1.1793843507766724,24575.0,662.5921003065068,115141.8203125,1.1730343103408813,24412.5,658.4244226642126,117137.671875,1.1791062355041504,24468.25,660.3786700487054,38828473971.0,0.0,505600.0,97945600.0
2025-09-20,115721.9609375,,,,116191.1484375,,,,115473.5234375,,,,115691.125,,,,22864449614.0,,,
2025-09-21,115306.09375,,,,115901.0859375,,,,115252.578125,,,,115730.2265625,,,,22495852193.0,,,
2025-09-22,112748.5078125,1.1736950874328613,25003.0,664.8753662109375,115431.3125,1.1786893606185913,25027.25,665.3239917254978,112037.6484375,1.172717809677124,24748.75,660.2190812650523,115309.21875,1.1736950874328613,24850.0,660.2490220888672,70684158591.0,0.0,481197.0,69452200.0
2025-09-23,112014.5,1.1801080703735352,24827.25,661.256103515625,113351.9140625,1.1820051670074463,25026.0,665.3739407705357,111535.5703125,1.178175449371338,24780.5,660.0296859026699,112757.4765625,1.1801080703735352,24995.0,664.7557113987294,47211853279.0,0.0,564182.0,81708900.0
2025-09-24,113328.6328125,1.1814465522766113,24739.25,659.1522216796875,113986.2734375,1.1816558837890625,24913.5,662.6518901422049,111229.640625,1.1731306314468384,24627.0,657.7264420940938,112007.6640625,1.1814465522766113,24839.5,662.5522091075384,48044595085.0,0.0,530441.0,68082200.0
2025-09-25,109049.2890625,1.1744670867919922,24629.25,656.1112670898438,113541.0859375,1.1754333972930908,24793.5,657.4672457066506,108713.3984375,1.1667931079864502,24422.5,652.4819765077987,113330.1640625,1.1744670867919922,24746.0,656.0016057727498,75528654284.0,0.0,710112.0,89622100.0
2025-09-26,109712.828125,1.166275978088379,24726.75,659.8701782226562,110359.1953125,1.1702202558517456,24747.5,660.4185456623683,108728.9765625,1.16593599319458,24520.0,655.9417836675868,109041.296875,1.166275978088379,24642.5,657.5669862915963,57738288949.0,0.0,548790.0,69179200.0
2025-09-27,109681.9453125,,,,109778.5,,,,109144.296875,,,,109707.140625,,,,26308042910.0,,,
2025-09-28,112122.640625,,,,112375.484375,,,,109236.9453125,,,,109681.9453125,,,,33371048505.0,,,
2025-09-29,114400.3828125,1.170823097229004,24837.75,661.7246704101562,114473.5703125,1.1754887104034424,24975.5,663.3199930316334,111589.953125,1.1705353260040283,24721.75,659.9100251593522,112117.875,1.170823097229004,24726.5,662.4026597035332,60000147466.0,0.0,508361.0,73499000.0
2025-09-30,114056.0859375,1.1731443405151367,24901.75,664.21728515625,114836.6171875,1.1759449243545532,24913.75,664.6859320813617,112740.5625,1.1713168621063232,24722.25,659.6607420426623,114396.5234375,1.1731443405151367,24817.75,660.976860345401,58986330258.0,0.0,513254.0,86288000.0
2025-10-01,118648.9296875,1.1735849380493164,25017.5,666.4806518554688,118648.9296875,1.1778839826583862,25036.75,667.3979243492374,113981.3984375,1.171687364578247,24633.25,661.1065170498754,114057.59375,1.1735849380493164,24843.0,661.2161783670498,71328680132.0,0.0,474674.0,72545400.0
2025-10-02,120681.2578125,1.1734058856964111,25110.0,667.248291015625,121086.40625,1.1759172677993774,25180.0,668.5943501107935,118383.15625,1.1685655117034912,24993.75,664.8155382515555,118652.3828125,1.1734058856964111,25009.25,668.4747085274895,71415163912.0,0.0,460294.0,56896000.0
2025-10-03,122266.53125,1.1725116968154907,24992.0,667.2384033203125,123944.703125,1.1756683588027954,25196.5,670.6981508367895,119344.3125,1.1716187000274658,24923.25,666.1914481336265,120656.984375,1.1725116968154907,25101.5,668.0160736487628,83941392228.0,0.0,490721.0,70494400.0
2025-10-04,122425.4296875,,,,122857.640625,,,,121577.5703125,,,,122267.46875,,,,36769171735.0,,,
2025-10-05,123513.4765625,,,,125559.2109375,,,,122191.9609375,,,,122419.671875,,,,73689317763.0,,,
2025-10-06,124752.53125,1.171248197555542,25184.75,669.6312866210938,126198.0703125,1.1731581687927246,25252.75,670.5286593813627,123196.046875,1.1654061079025269,24995.0,667.4876574687494,123510.453125,1.171248197555542,25000.0,669.6412668959266,72568881188.0,0.0,414908.0,54623300.0
2025-10-07,121451.3828125,1.171028733253479,25039.25,667.1486206054688,125184.0234375,1.1710972785949707,25275.0,671.0072138668005,120681.96875,1.1655147075653076,24984.75,665.7028804529681,124752.140625,1.171028733253479,25184.5,670.5585274945992,76149412513.0,0.0,539431.0,72020100.0
2025-10-08,123354.8671875,1.1654603481292725,25331.0,671.1268920898438,124167.09375,1.1652973890304565,25364.75,671.2266339865188,121119.1796875,1.1603620052337646,25026.25,667.4477610054765,121448.3515625,1.1654603481292725,25059.75,668.2753327277967,65354305286.0,0.0,451309.0,60702200.0
2025-10-09,121705.5859375,1.1631964445114136,25289.25,669.1826171875,123739.34375,1.164958119392395,25394.0,671.9544560264949,119812.03125,1.1549211740493774,25160.75,667.2384109165724,123337.0703125,1.1631964445114136,25351.5,671.5456907353398,74653009425.0,0.0,500933.0,66501900.0
2025-10-10,113214.3671875,1.156644344329834,24397.0,651.0960693359375,122509.6640625,1.1629935503005981,25388.0,671.9643973425017,104582.4140625,1.1560827493667603,24158.5,650.9166069608107,121704.7421875,1.156644344329834,25287.75,670.1497521868876,153125018868.0,0.0,934374.0,159422600.0
2025-10-11,110807.8828125,,,,113429.7265625,,,,109760.5625,,,,113236.4296875,,,,110236934340.0,,,
2025-10-12,115169.765625,,,,115805.0625,,,,109715.5390625,,,,110811.515625,,,,93710414091.0,,,
2025-10-13,115271.078125,1.160240888595581,24922.25,661.0865478515625,116020.484375,1.1629664897918701,24965.0,663.170417127303,113821.1875,1.1559356451034546,24542.0,657.8262232173948,115161.6796875,1.160240888595581,24542.0,658.7036354539871,71582026739.0,0.0,934374.0,79560500.0
2025-10-14,113118.6640625,1.1566845178604126,24762.5,660.2789306640625,115502.8828125,1.160725712776184,25044.25,663.8683609233883,110029.484375,1.154521107673645,24421.0,651.2456255038628,115264.8828125,1.1566845178604126,24913.75,655.2338407773344,92212917403.0,0.0,729059.0,88779600.0
2025-10-15,110783.1640625,1.1602274179458618,24924.5,663.2102661132812,113622.3828125,1.1648223400115967,25115.0,668.2553559603689,110235.8359375,1.1602543592453003,24663.25,656.988660072404,113113.96875,1.1602274179458618,24754.0,664.855429242796,72574132855.0,0.0,637036.0,81702600.0
2025-10-16,108186.0390625,1.1646324396133423,24831.25,658.6936645507812,111990.8125,1.1678286790847778,25179.5,666.7398963555108,107537.03125,1.1643340587615967,24643.5,655.1740352792065,110782.171875,1.1646324396133423,24937.0,664.8554499895176,87306423067.0,0.0,738759.0,110563300.0
2025-10-17,106467.7890625,1.1699601411819458,24986.5,662.4326171875,109235.8046875,1.1728416681289673,25055.75,663.7985760836355,103598.4296875,1.165813684463501,24410.0,656.2010306703355,108179.1328125,1.1699601411819458,24793.75,657.5570092911896,99703051669.0,0.0,743681.0,96500900.0
2025-10-18,107198.265625,,,,107490.984375,,,,106387.453125,,,,106483.734375,,,,37779905278.0,,,
2025-10-19,108666.7109375,,,,109488.9921875,,,,106157.7890625,,,,107204.3125,,,,47657008953.0,,,
2025-10-20,110588.9296875,1.165745735168457,25305.25,669.3222045898438,111711.03125,1.1676785945892334,25354.5,670.2295576279439,107485.015625,1.1645375490188599,24955.75,665.3041094156895,108667.4453125,1.165745735168457,25065.75,665.3539499346838,63507793085.0,0.0,437206.0,60493400.0
2025-10-21,108476.890625,1.164442539215088,25294.75,669.3121948242188,113996.34375,1.1656370162963867,25368.0,671.0071983826805,107534.75,1.1598505973815918,25203.25,668.0060568363804,110587.6328125,1.164442539215088,25326.75,669.4617772299453,101194375480.0,0.0,441490.0,56249000.0
2025-10-22,107688.5859375,1.160038948059082,25039.25,665.83251953125,109115.1328125,1.1616560220718384,25338.25,670.0201576878661,106778.0,1.1577692031860352,24804.75,661.3457774038759,108491.53125,1.160038948059082,25283.75,670.0201576878661,80807013218.0,0.0,695128.0,80564000.0
2025-10-23,110069.7265625,1.1608469486236572,25254.0,669.7808837890625,111288.59375,1.1621150970458984,25296.0,670.7280970890292,107548.4296875,1.1586410999298096,24937.0,665.8325287543602,107679.4375,1.1608469486236572,25012.25,666.1515932793667,54944076060.0,0.0,527352.0,65604500.0
2025-10-24,111033.921875,1.1618045568466187,25509.25,675.2546997070312,111842.53125,1.164768099784851,25570.75,676.4710761570719,109770.1484375,1.1601735353469849,25276.0,673.6594379369009,110069.3515625,1.1618045568466187,25283.25,674.4670490970213,48160816980.0,0.0,467727.0,74356500.0
2025-10-25,111641.7265625,,,,111947.703125,,,,110704.40625,,,,111032.6171875,,,,24707667305.0,,,
2025-10-26,114472.4453125,,,,115260.90625,,,,111268.484375,,,,111639.0546875,,,,41708524143.0,,,
2025-10-27,114119.328125,1.1631693840026855,25963.75,683.2211303710938,116273.3125,1.164958119392395,26013.5,683.5202343374859,113882.2890625,1.1618720293045044,25700.0,680.1103274099472,114479.8515625,1.1631693840026855,25723.5,680.7185156175003,61761358733.0,0.0,435230.0,63339800.0
2025-10-28,112956.1640625,1.165175199508667,26163.5,685.0357666015625,116078.984375,1.1668611764907837,26231.5,686.8802917495992,112291.6796875,1.1627906560897827,25943.0,682.8123561492805,114129.0859375,1.165175199508667,26002.5,685.0257863269245,64528066504.0,0.0,452121.0,61738100.0
2025-10-29,110055.3046875,1.1657865047454834,26262.5,685.3648071289062,113642.7265625,1.1665889024734497,26379.75,687.6679989086465,109368.71875,1.1619800329208374,26049.25,680.8581046045199,112921.328125,1.1657865047454834,26179.75,686.6908448301914,62192043469.0,0.0,557797.0,85657100.0
2025-10-30,108305.546875,1.1603351831436157,25882.75,677.8270874023438,111612.3515625,1.1634671688079834,26399.0,683.919071384824,106376.6875,1.1547610759735107,25853.0,677.8270874023438,110059.1953125,1.1603351831436157,26154.5,681.8851035842282,69673964814.0,0.0,665782.0,76335800.0
2025-10-31,109556.1640625,1.157246708869934,26004.0,680.050537109375,111031.8203125,1.1577826738357544,26274.0,683.0616591685175,108288.2734375,1.152379035949707,25888.75,677.2388379885472,108304.4140625,1.157246708869934,26150.5,683.0217380676526,60090359560.0,0.0,597984.0,87164100.0
2025-11-01,110064.015625,,,,110574.8984375,,,,109372.953125,,,,109558.625,,,,25871668762.0,,,
2025-11-02,110639.625,,,,111167.3125,,,,109523.453125,,,,110064.4296875,,,,34284209459.0,,,
2025-11-03,106547.5234375,1.1528042554855347,26103.25,681.3267822265625,110764.9140625,1.1542012691497803,26266.0,683.7794956694769,105336.359375,1.1506155729293823,26012.75,677.9367749059246,110646.90625,1.1528042554855347,26028.25,683.6498738048132,72852006359.0,0.0,0.0,57315000.0
2025-11-04,101590.5234375,1.1519144773483276,25575.25,673.2506103515625,107264.8828125,1.1532961130142212,26104.5,677.9567360174515,98962.0625,1.1473548412322998,25522.75,672.5925816080086,106541.421875,1.1519144773483276,26104.5,674.1180423048241,110967184773.0,0.0,669483.0,78427000.0
2025-11-05,103891.8359375,1.1485539674758911,25746.25,675.583740234375,104534.703125,1.149795413017273,25880.0,678.8540450990596,98989.9140625,1.1470125913619995,25282.0,672.1837526501265,101579.234375,1.1485539674758911,25545.0,672.9913638051393,77584934804.0,0.0,618171.0,74402400.0
2025-11-06,101301.2890625,1.1496764421463013,25244.25,668.3351440429688,104147.3046875,1.154294490814209,25822.25,675.384321857154,100336.8671875,1.149385690689087,25197.75,666.7498016918889,103893.6640625,1.1496764421463013,25738.5,674.4769688014325,63932752861.0,0.0,754444.0,85035300.0
2025-11-07,103372.40625,1.1549211740493774,25166.25,668.9931640625,104052.9140625,1.1589902639389038,25354.75,669.1028862313885,99257.0546875,1.153043508529663,24709.25,659.2619700189845,101286.2421875,1.1549211740493774,25314.75,665.9421818455136,92168030081.0,0.0,765092.0,100592400.0
2025-11-08,102282.1171875,,,,103373.5625,,,,101458.0390625,,,,103371.703125,,,,51446691095.0,,,
2025-11-09,104719.640625,,,,105418.3671875,,,,101468.875,,,,102278.984375,,,,59679243013.0,,,
2025-11-10,105996.59375,1.1543878316879272,25714.5,679.432373046875,106564.6953125,1.1582250595092773,25760.5,680.1701831536659,104350.6484375,1.1543744802474976,25269.0,673.0412846911101,104723.7734375,1.1554548740386963,25320.75,675.2447347362015,69585887229.0,0.0,626203.0,75842900.0
2025-11-11,102997.46875,1.1557220220565796,25640.75,680.9877319335938,107428.2578125,1.1606314182281494,25768.75,681.5560598909952,102457.328125,1.1548144817352295,25478.5,676.7302928180768,105996.859375,1.1557353734970093,25722.25,677.9467300747958,71130078574.0,0.0,537967.0,58953400.0
2025-11-12,101663.1875,1.1587486267089844,25623.75,681.3666381835938,105297.234375,1.1597968339920044,25830.0,682.9420002443612,100836.6171875,1.1563233137130737,25488.75,678.9438047256676,103011.4375,1.1588828563690186,25668.0,682.7724572806613,64347179408.0,0.0,606259.0,62312500.0
2025-11-13,99697.4921875,1.159218668937683,25094.75,670.0599975585938,104005.4921875,1.1649309396743774,25721.5,678.8540191634994,97988.71875,1.1579837799072266,25002.5,668.5445172010542,101674.1484375,1.159245491027832,25624.0,678.4950944095032,101546815416.0,0.0,775125.0,103457800.0
2025-11-14,94397.7890625,1.1631964445114136,25094.0,669.9503784179688,99804.4296875,1.1653653383255005,25293.25,673.669369761962,94000.734375,1.1608065366744995,24626.0,661.3159189526839,99694.703125,1.1630746126174927,25095.25,663.4196879466924,114346441890.0,0.0,862322.0,96846700.0
2025-11-15,95549.1484375,,,,96728.46875,,,,94420.46875,,,,94420.46875,,,,38500716654.0,,,
2025-11-16,94177.078125,,,,96564.1875,,,,92971.1640625,,,,95556.8671875,,,,71086235862.0,,,
2025-11-17,92093.875,1.1615345478057861,24879.0,663.7088012695312,95928.3671875,1.1617100238800049,25361.25,671.7251529532939,91214.7578125,1.1583056449890137,24731.75,660.2191128892804,94180.875,1.16146719455719,25142.25,667.7269573864955,94186165724.0,0.0,738978.0,90456100.0
2025-11-18,92948.875,1.159057378768921,24595.75,658.1353149414062,93745.078125,1.1606987714767456,24959.5,663.1604443809363,89300.4609375,1.1573805809020996,24376.25,653.9277160969795,92094.53125,1.159003734588623,24905.5,660.1493223141129,101333569062.0,0.0,871074.0,114467500.0
2025-11-19,91465.9921875,1.1581177711486816,24721.75,660.6777954101562,92946.1640625,1.1597565412521362,24988.0,665.3739409367662,88526.828125,1.1535356044769287,24445.0,656.8092216159307,92946.1640625,1.158104419708252,24551.0,658.8332701356088,80350354656.0,0.0,770449.0,94703000.0
2025-11-20,86631.8984375,1.154068112373352,24131.5,650.6075439453125,93025.0703125,1.1551345586776733,25310.0,673.5696612658603,86040.796875,1.1507744789123535,24073.25,649.969414909385,91459.3515625,1.154068112373352,24966.75,670.9274443593279,97970645638.0,0.0,995836.0,165293500.0
2025-11-21,85090.6875,1.1534557342529297,24305.5,657.08837890625,87380.8046875,1.1552013158798218,24596.25,662.5920743656175,80659.8125,1.1492139101028442,23904.5,648.9324254696204,86528.7734375,1.1535356044769287,24110.0,653.1200634979649,129157506112.0,0.0,918728.0,123956200.0
2025-11-22,84648.359375,,,,85503.0078125,,,,83490.8984375,,,,85098.5625,,,,40793099246.0,,,
2025-11-23,86805.0078125,,,,88038.46875,,,,84641.7734375,,,,84648.609375,,,,58083435576.0,,,
2025-11-24,88270.5625,1.1507612466812134,24948.25,666.759765625,89206.3359375,1.1551345586776733,24993.5,668.0858642133718,85272.1953125,1.1502846479415894,24361.75,659.6408477705503,86798.7734375,1.1507877111434937,24455.75,660.7375826041805,74433896110.0,0.0,604148.0,80437900.0
2025-11-25,87341.890625,1.1520073413848877,25085.5,673.03125,88457.3359375,1.1583458185195923,25135.25,674.2177464111714,86131.4296875,1.1512116193771362,24602.0,662.5222643995295,88269.9609375,1.1520737409591675,24966.25,666.6600618545837,64837343545.0,0.0,629575.0,81077100.0
2025-11-26,90518.3671875,1.156483769416809,25302.25,677.6775512695312,90581.15625,1.1602274179458618,25376.0,679.6916195137131,86316.8984375,1.154961109161377,25061.25,674.7262499751725,87345.5859375,1.156577467918396,25071.25,675.6336030547216,66496301869.0,0.0,522196.0,71879600.0
2025-11-27,91285.375,1.1602139472961426,,,91897.578125,1.1615750789642334,,,90089.515625,1.1577155590057373,,,90517.765625,1.1603620052337646,,,57040622845.0,0.0,,
2025-11-28,90919.265625,1.1599851846694946,25482.0,681.3765869140625,92969.0859375,1.1606718301773071,25499.75,681.6557303234264,90257.1171875,1.1557353734970093,25285.75,678.4950869285864,91285.3828125,1.1600254774093628,25313.0,678.8540116786253,60895830289.0,0.0,199445.0,49212000.0
2025-11-29,90851.7578125,,,,91187.6171875,,,,90260.1875,,,,90918.7421875,,,,37921773455.0,,,
2025-11-30,90394.3125,,,,91965.046875,,,,90394.3125,,,,90838.2109375,,,,38497902869.0,,,
2025-12-01,86321.5703125,1.1601465940475464,25391.25,678.2658081054688,90398.15625,1.1651887893676758,25546.0,680.9777652313311,83862.25,1.159003734588623,25193.25,676.7402865806703,90389.109375,1.1602139472961426,25482.5,676.8100876493213,87962894424.0,0.0,574734.0,61201200.0
2025-12-02,91350.203125,1.1607661247253418,25606.0,679.5220947265625,92316.6328125,1.1623852252960205,25670.0,681.8053259843603,86202.1953125,1.1592992544174194,25324.75,677.3285642303521,86322.5390625,1.1607661247253418,25411.5,679.91089945233,78546798211.0,0.0,561951.0,62953800.0
2025-12-03,93527.8046875,1.1627906560897827,25657.5,681.8751220703125,94060.7734375,1.1675832271575928,25685.25,682.8920755410956,91056.390625,1.1628177165985107,25421.5,677.6874840363832,91345.09375,1.1628988981246948,25611.0,678.5648962284573,77650204986.0,0.0,494194.0,57238500.0
2025-12-04,92141.625,1.1666841506958008,25622.75,682.3736572265625,94038.2421875,1.1682243347167969,25732.5,683.3507504660292,90976.1015625,1.1653653383255005,25488.75,679.3326553413237,93454.2578125,1.166670560836792,25650.25,683.2809493981625,64538402681.0,0.0,509526.0,61970300.0
2025-12-05,89387.7578125,1.1642799377441406,25732.0,683.6697998046875,92702.640625,1.167147159576416,25868.0,686.3618571461667,88152.140625,1.162858247756958,25579.75,682.5630847287977,92133.6484375,1.1644561290740967,25629.75,683.4504163312143,63256398633.0,0.0,498264.0,79241000.0
2025-12-06,89272.375,,,,90267.4609375,,,,88951.6640625,,,,89389.359375,,,,37994042405.0,,,
2025-12-07,90405.640625,,,,91740.84375,,,,87799.5625,,,,89277.8125,,,,47394898960.0,,,
2025-12-08,90640.203125,1.164022445678711,25664.0,681.6159057617188,92267.1171875,1.1672561168670654,25860.75,684.6170474876437,89644.890625,1.1616965532302856,25564.75,679.5619773329797,90424.5859375,1.1641172170639038,25750.0,684.5672069678625,57394099056.0,0.0,473150.0,55231500.0
2025-12-09,92691.7109375,1.1641442775726318,25699.75,681.027587890625,94601.5703125,1.165677785873413,25735.75,683.3707007727439,89586.9765625,1.1616965532302856,25560.0,680.5789623765876,90639.703125,1.1641442775726318,25713.0,681.1373100558188,66861721440.0,0.0,407387.0,58310100.0
2025-12-10,92020.9453125,1.1628313064575195,25798.0,685.5443115234375,94477.15625,1.165745735168457,25870.75,686.9401503769751,91640.1328125,1.1622366905212402,25528.75,679.3027447895911,92695.234375,1.1628447771072388,25680.0,680.5490620813229,65420694513.0,0.0,556710.0,85671300.0
2025-12-11,92511.3359375,1.1701242923736572,25713.5,687.1395263671875,93554.265625,1.1759449243545532,25861.5,687.2193077079016,89335.296875,1.1683062314987183,25383.0,680.1601500103427,92011.3046875,1.170192837715149,25769.5,683.1214313379483,64532834621.0,0.0,637723.0,86173700.0
2025-12-12,90270.4140625,1.1739431619644165,25213.5,679.7514038085938,92747.9296875,1.1746740341186523,25733.25,686.8504219479569,89532.6015625,1.172016978263855,25118.0,677.1690077077839,92513.6640625,1.1741361618041992,25701.0,686.1424918468441,80275884583.0,0.0,760749.0,113160300.0
2025-12-13,90298.7109375,,,,90647.5703125,,,,89800.9921875,,,,90257.796875,,,,64237748110.0,,,
2025-12-14,88175.1796875,,,,90498.109375,,,,87634.9375,,,,90296.4375,,,,50465972205.0,,,
2025-12-15,86419.78125,1.1737639904022217,25093.25,678.7244262695312,89983.921875,1.1769136190414429,25410.0,683.7396361862291,85304.078125,1.1727042198181152,25033.25,677.2488060921288,88171.078125,1.1737502813339233,25223.5,683.7196756361553,45559514323.0,0.0,448073.0,90811000.0
2025-12-16,87843.984375,1.1754610538482666,25139.0,676.8699340820312,88170.09375,1.18047034740448,25202.5,679.0734449717613,85381.6875,1.1746050119400024,24828.0,672.9913800472318,86424.40625,1.1755025386810303,25101.25,677.2288588584025,41262178223.0,0.0,247876.0,122030600.0
2025-12-17,86143.7578125,1.1749500036239624,24668.75,669.4219360351562,90264.5703125,1.1757928133010864,25266.0,678.4352803496147,85316.265625,1.1704530715942383,24654.5,669.2225131069573,87847.6171875,1.1749638319015503,25091.75,677.8869129385677,44243392914.0,0.0,139991.0,110625200.0
2025-12-18,85462.5078125,1.1742326021194458,25028.25,674.4769287109375,89412.6640625,1.1758896112442017,25178.0,678.7343677454887,84436.3125,1.17134428024292,24675.5,672.9116078583543,86144.3671875,1.1742188930511475,24744.0,675.603604329658,52667115348.0,0.0,111598.0,108650100.0
2025-12-19,88103.3828125,1.1725666522979736,25132.7890625,680.5900268554688,89339.1171875,1.1737502813339233,25160.0,681.0900268554688,85107.6640625,1.1704120635986328,24977.5,676.469970703125,85476.1328125,1.1725391149520874,25002.5,676.5900268554688,46733310561.0,0.0,502611.0,103599500.0
2025-12-20,88344.0,,,,88497.203125,,,,87924.875,,,,88101.671875,,,,14688196659.0,,,
2025-12-21,88621.75,,,,89027.953125,,,,87613.203125,,,,88344.703125,,,,19845522660.0,,,
2025-12-22,88490.015625,1.1708093881607056,25692.25,684.8300170898438,90501.9296875,1.177024483680725,25794.75,685.3599853515625,87908.0703125,1.1710835695266724,25628.0,680.5900268554688,88621.3984375,1.1710835695266724,25635.25,683.9400024414062,38047472118.0,0.0,367322.0,69556700.0
2025-12-23,87414.0,1.1765950918197632,25812.25,687.9600219726562,88898.3828125,1.18035888671875,25822.5,688.2000122070312,86606.9765625,1.176429033279419,25608.25,683.8699951171875,88490.03125,1.1764428615570068,25701.0,683.9199829101562,43683011533.0,0.0,336346.0,64840000.0
2025-12-24,87611.9609375,1.179551362991333,25880.5,690.3800048828125,87956.8828125,1.1809163093566895,25892.0,690.8300170898438,86411.796875,1.1774264574050903,25777.5,687.7999877929688,87404.3203125,1.179565191268921,25815.75,687.9500122070312,25550297986.0,0.0,163037.0,39445600.0
2025-12-25,87234.7421875,,,,88501.7890625,,,,86949.2578125,,,,87608.3203125,,,,19953216347.0,,,
2025-12-26,87301.4296875,1.1785364151000977,25863.25,690.3099975585938,89459.4296875,1.179940938949585,25935.25,691.6599731445312,86628.140625,1.1763044595718384,25834.25,689.27001953125,87235.5078125,1.178383708000183,25868.0,690.6400146484375,42455674908.0,0.0,240485.0,41613300.0
2025-12-27,87802.15625,,,,87874.78125,,,,87182.9765625,,,,87301.4296875,,,,13741199310.0,,,
2025-12-28,87835.8359375,,,,87986.890625,,,,87394.953125,,,,87799.34375,,,,15156557929.0,,,
2025-12-29,87138.140625,1.1772738695144653,25739.75,687.8499755859375,90299.15625,1.1788560152053833,25893.75,689.2000122070312,86717.9140625,1.1754058599472046,25648.0,686.0700073242188,87835.7890625,1.1774957180023193,25863.25,687.5399780273438,48411625849.0,0.0,347055.0,62559500.0
2025-12-30,88430.1328125,1.1772878170013428,25675.25,687.010009765625,89297.9375,1.1781338453292847,25793.75,688.5599975585938,86735.546875,1.1746188402175903,25668.25,686.5800170898438,87134.3515625,1.1773016452789307,25740.0,687.4500122070312,35586356225.0,0.0,300558.0,47160700.0
2025-12-31,87508.828125,1.1747292280197144,25456.75,681.9199829101562,89080.2890625,1.1758756637573242,25716.75,687.3599853515625,87130.5625,1.1720856428146362,25429.0,681.7100219726562,88429.5859375,1.1746463775634766,25683.25,687.1400146484375,33830210616.0,0.0,329352.0,74144800.0
2026-01-01,88731.984375,,,,88803.2265625,,,,87399.40625,,,,87508.046875,,,,18849043990.0,,,
2026-01-02,89944.6953125,1.175046682357788,25385.25,683.1699829101562,90884.4609375,1.176747441291809,25803.75,686.8699951171875,88298.6171875,1.17134428024292,25265.25,679.8200073242188,88733.0625,1.1751158237457275,25478.5,685.7100219726562,46398906171.0,0.0,554838.0,89377200.0
2026-01-03,90603.1875,,,,90679.5703125,,,,89328.0703125,,,,89945.0546875,,,,20774828592.0,,,
2026-01-04,91413.4921875,,,,91712.5859375,,,,90595.1015625,,,,90603.0,,,,26770491368.0,,,
2026-01-05,93882.5546875,1.1704667806625366,25577.75,687.719970703125,94762.0703125,1.1718658208847046,25708.0,689.4299926757812,91414.625,1.166003942489624,25406.5,686.3800048828125,91414.625,1.1706448793411255,25431.75,686.5399780273438,53376407252.0,0.0,461305.0,71927200.0
2026-01-06,93729.03125,1.1714951992034912,25822.0,691.8099975585938,94395.296875,1.1745359897613525,25837.75,692.3200073242188,91286.546875,1.1684154272079468,25527.5,687.780029296875,93876.9453125,1.1716461181640625,25583.0,687.9299926757812,52430605257.0,0.0,445573.0,69273800.0
2026-01-07,91308.0546875,1.1688251495361328,25838.75,689.5800170898438,93738.7890625,1.170548915863037,25996.25,693.9600219726562,90601.8046875,1.1674468517303467,25727.0,689.3200073242188,93727.46875,1.1687841415405273,25831.25,692.1900024414062,43461295053.0,0.0,477861.0,75588300.0
2026-01-08,91027.125,1.1676785945892334,25687.5,689.510009765625,91485.8515625,1.1684973239898682,25849.75,690.6199951171875,89233.875,1.1652837991714478,25569.0,687.489990234375,91309.640625,1.1677467823028564,25838.75,688.8200073242188,42386697030.0,0.0,510805.0,64019200.0
2026-01-09,90513.1015625,1.1657865047454834,25938.25,694.0700073242188,91910.671875,1.16604483127594,25985.5,695.3099975585938,89625.3828125,1.161926031112671,25615.5,689.1799926757812,91026.2734375,1.165813684463501,25725.0,690.6300048828125,38305906684.0,0.0,509669.0,80125500.0
2026-01-10,90386.6484375,,,,90713.03125,,,,90283.3984375,,,,90510.1015625,,,,12385895282.0,,,
2026-01-11,90827.4609375,,,,91155.2265625,,,,90212.0234375,,,,90385.359375,,,,17165568977.0,,,
2026-01-12,91192.9921875,1.1623716354370117,25956.75,695.1599731445312,92395.5234375,1.169864296913147,26020.5,696.0900268554688,90055.0234375,1.162304162979126,25632.75,690.6300048828125,90825.859375,1.162493348121643,25949.0,690.6799926757812,41346275358.0,0.0,452996.0,63976000.0
2026-01-13,95321.78125,1.1666978597640991,25906.0,693.77001953125,96011.625,1.1675423383712769,26045.5,696.0900268554688,90941.9296875,1.1635212898254395,25803.25,691.3499755859375,91185.3359375,1.1667931079864502,25953.5,695.489990234375,54980674354.0,0.0,560438.0,78309700.0
2026-01-14,96929.328125,1.164252758026123,25631.0,690.3599853515625,97860.6015625,1.1663167476654053,25925.75,691.719970703125,94583.046875,1.1637108325958252,25420.75,686.0399780273438,95322.90625,1.1643340587615967,25900.75,691.0,60592490863.0,0.0,647871.0,94676700.0
2026-01-15,95551.1875,1.1646324396133423,25705.75,692.239990234375,97150.171875,1.164686679840088,25952.75,695.4500122070312,95103.2421875,1.1593934297561646,25562.5,691.25,96931.2890625,1.1645103693008423,25593.0,694.5700073242188,53086363027.0,0.0,591058.0,77862000.0
2026-01-16,95525.1171875,1.1609008312225342,25689.0,691.6599731445312,95801.890625,1.1626555919647217,25891.0,694.25,94259.2734375,1.1585471630096436,25591.5,690.0999755859375,95554.1015625,1.1609547138214111,25720.5,693.6599731445312,33248170537.0,0.0,591058.0,79246300.0
2026-01-17,95099.921875,,,,95598.4765625,,,,95005.6171875,,,,95525.15625,,,,16021715122.0,,,
2026-01-18,93634.4296875,,,,95491.5078125,,,,93588.8671875,,,,95101.1796875,,,,20809781232.0,,,
2026-01-19,93159.9140625,1.164686679840088,25377.75,,93646.9140625,1.1650937795639038,25472.0,,92234.4140625,1.1576753854751587,25236.5,,93646.9140625,1.1602274179458618,25471.0,,39643701248.0,0.0,155681.0,
